<?xml version="1.0" encoding="UTF-8"?><process version="9.3.001">
  <context>
    <input/>
    <output/>
    <macros/>
  </context>
  <operator activated="true" class="process" compatibility="9.3.001" expanded="true" name="Process">
    <parameter key="logverbosity" value="init"/>
    <parameter key="random_seed" value="2001"/>
    <parameter key="send_mail" value="never"/>
    <parameter key="notification_email" value=""/>
    <parameter key="process_duration_for_mail" value="30"/>
    <parameter key="encoding" value="SYSTEM"/>
    <process expanded="true">
      <operator activated="true" class="read_csv" compatibility="9.3.001" expanded="true" height="68" name="Read Training Data (CSV)" width="90" x="112" y="85">
        <parameter key="csv_file" value="C:\Users\u0986438\Desktop\EDPS_7571-master\EDPS_7571-master\Week2\train.csv"/>
        <parameter key="column_separators" value=","/>
        <parameter key="trim_lines" value="false"/>
        <parameter key="use_quotes" value="true"/>
        <parameter key="quotes_character" value="&quot;"/>
        <parameter key="escape_character" value="\"/>
        <parameter key="skip_comments" value="true"/>
        <parameter key="comment_characters" value="#"/>
        <parameter key="starting_row" value="1"/>
        <parameter key="parse_numbers" value="true"/>
        <parameter key="decimal_character" value="."/>
        <parameter key="grouped_digits" value="false"/>
        <parameter key="grouping_character" value=","/>
        <parameter key="infinity_representation" value=""/>
        <parameter key="date_format" value=""/>
        <parameter key="first_row_as_names" value="true"/>
        <list key="annotations"/>
        <parameter key="time_zone" value="SYSTEM"/>
        <parameter key="locale" value="English (United States)"/>
        <parameter key="encoding" value="windows-1252"/>
        <parameter key="read_all_values_as_polynominal" value="false"/>
        <list key="data_set_meta_data_information">
          <parameter key="0" value="PassengerId.true.integer.attribute"/>
          <parameter key="1" value="Survived.true.integer.attribute"/>
          <parameter key="2" value="Pclass.true.integer.attribute"/>
          <parameter key="3" value="Name.true.polynominal.attribute"/>
          <parameter key="4" value="Sex.true.polynominal.attribute"/>
          <parameter key="5" value="Age.true.real.attribute"/>
          <parameter key="6" value="SibSp.true.integer.attribute"/>
          <parameter key="7" value="Parch.true.integer.attribute"/>
          <parameter key="8" value="Ticket.true.polynominal.attribute"/>
          <parameter key="9" value="Fare.true.real.attribute"/>
          <parameter key="10" value="Cabin.true.polynominal.attribute"/>
          <parameter key="11" value="Embarked.true.polynominal.attribute"/>
        </list>
        <parameter key="read_not_matching_values_as_missings" value="false"/>
        <parameter key="datamanagement" value="double_array"/>
        <parameter key="data_management" value="auto"/>
        <description align="center" color="transparent" colored="false" width="126">Read CSV&lt;br&gt;Titanic Training Data</description>
      </operator>
      <operator activated="true" class="store" compatibility="9.3.001" expanded="true" height="68" name="Store Training" width="90" x="313" y="85">
        <parameter key="repository_entry" value="//Local Repository/data/EDPS7950_Fall2019_TrainingSet"/>
        <description align="center" color="transparent" colored="false" width="126">Write to local repo&lt;br/&gt;</description>
      </operator>
      <operator activated="true" class="read_csv" compatibility="9.3.001" expanded="true" height="68" name="Read Test Data (CSV)" width="90" x="112" y="238">
        <parameter key="csv_file" value="C:\Users\u0986438\Desktop\EDPS_7571-master\EDPS_7571-master\Week2\test.csv"/>
        <parameter key="column_separators" value=","/>
        <parameter key="trim_lines" value="false"/>
        <parameter key="use_quotes" value="true"/>
        <parameter key="quotes_character" value="&quot;"/>
        <parameter key="escape_character" value="\"/>
        <parameter key="skip_comments" value="true"/>
        <parameter key="comment_characters" value="#"/>
        <parameter key="starting_row" value="1"/>
        <parameter key="parse_numbers" value="true"/>
        <parameter key="decimal_character" value="."/>
        <parameter key="grouped_digits" value="false"/>
        <parameter key="grouping_character" value=","/>
        <parameter key="infinity_representation" value=""/>
        <parameter key="date_format" value=""/>
        <parameter key="first_row_as_names" value="true"/>
        <list key="annotations"/>
        <parameter key="time_zone" value="SYSTEM"/>
        <parameter key="locale" value="English (United States)"/>
        <parameter key="encoding" value="windows-1252"/>
        <parameter key="read_all_values_as_polynominal" value="false"/>
        <list key="data_set_meta_data_information">
          <parameter key="0" value="PassengerId.true.integer.attribute"/>
          <parameter key="1" value="Pclass.true.integer.attribute"/>
          <parameter key="2" value="Name.true.polynominal.attribute"/>
          <parameter key="3" value="Sex.true.polynominal.attribute"/>
          <parameter key="4" value="Age.true.real.attribute"/>
          <parameter key="5" value="SibSp.true.integer.attribute"/>
          <parameter key="6" value="Parch.true.integer.attribute"/>
          <parameter key="7" value="Ticket.true.polynominal.attribute"/>
          <parameter key="8" value="Fare.true.real.attribute"/>
          <parameter key="9" value="Cabin.true.polynominal.attribute"/>
          <parameter key="10" value="Embarked.true.polynominal.attribute"/>
        </list>
        <parameter key="read_not_matching_values_as_missings" value="false"/>
        <parameter key="datamanagement" value="double_array"/>
        <parameter key="data_management" value="auto"/>
        <description align="center" color="transparent" colored="false" width="126">Read CSV&lt;br&gt;Titanic Test Data&lt;br&gt;</description>
      </operator>
      <operator activated="true" class="store" compatibility="9.3.001" expanded="true" height="68" name="Store Test" width="90" x="313" y="238">
        <parameter key="repository_entry" value="//Local Repository/data/EDPS7950_Fall2019_TestSet"/>
        <description align="center" color="transparent" colored="false" width="126">Write to local repo&lt;br/&gt;</description>
      </operator>
      <connect from_op="Read Training Data (CSV)" from_port="output" to_op="Store Training" to_port="input"/>
      <connect from_op="Store Training" from_port="through" to_port="result 1"/>
      <connect from_op="Read Test Data (CSV)" from_port="output" to_op="Store Test" to_port="input"/>
      <connect from_op="Store Test" from_port="through" to_port="result 2"/>
      <portSpacing port="source_input 1" spacing="0"/>
      <portSpacing port="sink_result 1" spacing="0"/>
      <portSpacing port="sink_result 2" spacing="0"/>
      <portSpacing port="sink_result 3" spacing="0"/>
      <description align="left" color="green" colored="true" height="92" resized="true" width="357" x="74" y="385">Links to Dataset&lt;br&gt;&lt;br/&gt;Train and Test&lt;br&gt;https://www.kaggle.com/c/titanic/data&lt;br&gt;&lt;br/&gt;&lt;br&gt;</description>
      <description align="center" color="gray" colored="true" height="325" resized="true" width="159" x="76" y="48">READ</description>
      <description align="center" color="gray" colored="true" height="327" resized="true" width="155" x="275" y="49">WRITE</description>
      <description align="center" color="yellow" colored="true" height="95" resized="true" width="411" x="439" y="384">Read the training and test sets and write it to a local repository.&lt;br&gt;&lt;br&gt;TO DO: You will need to define the path of the local repo in each Store operator.</description>
    </process>
  </operator>
</process>
